resource,event_count,distinct_activities,activity_entropy,active_months
user_002,165756,1,0.0,13
user_029,71469,4,0.6958450129643817,13
user_020,39618,5,0.07483749803735461,11
user_013,34630,5,0.21797439411711578,11
user_001,34103,5,0.18449672394527764,13
user_012,32387,5,0.16056031797902623,13
user_019,29580,5,0.05149887501949671,12
user_235,28332,5,0.03539712163469848,7
user_015,27856,7,0.8913860740321718,13
user_040,17625,7,0.36519575944591615,13
user_006,17549,7,0.6266021636412854,6
user_057,16089,9,0.4505707603796749,12
user_036,14721,7,0.3725308211721207,13
user_005,14611,1,0.0,5
user_045,13649,8,0.5782647498817011,13
user_038,13260,6,0.43182971838716294,13
user_030,12760,3,0.01834154155486438,13
user_451,10874,1,0.0,4
user_060,10127,13,0.9944400520636865,13
user_084,9054,12,1.4851021138403582,13
user_034,8988,2,0.050887008076189226,13
user_058,8005,2,0.03277901436099182,13
user_007,7732,4,0.06744098080150482,10
user_042,7668,6,0.37690746850645007,12
user_059,7637,13,1.019411621945387,13
user_178,7383,7,0.41796491050005236,10
user_031,7209,2,0.024664320812489413,13
user_107,7141,2,0.01675766132748758,13
user_089,6712,10,0.9028540133710178,13
user_075,6601,8,0.5515130320434759,13
user_064,6571,11,1.2599934092514662,13
user_147,6512,8,0.5275906418542864,9
user_077,5835,4,0.1874626816376846,13
user_167,5761,8,0.9882528810897877,13
user_066,5711,12,0.7680600458144081,13
user_200,5654,3,0.504302948776236,13
user_079,5258,9,0.4755100017965668,13
user_023,5133,2,0.007727956796507129,8
user_004,4959,5,0.734441677151837,13
user_102,4929,7,0.5933157428503406,13
user_142,4828,9,0.662002022043287,13
user_062,4731,1,0.0,13
user_068,4621,8,0.6483612346612793,13
user_070,4489,10,1.1868947283480054,13
user_286,4461,10,0.6630859751552636,7
user_158,4460,8,0.5651818512566916,8
user_065,4446,7,0.12539134004414335,11
user_056,4379,1,0.0,13
user_188,4331,2,0.07791632403366973,13
user_095,4261,10,0.7823391455324837,13
user_172,4157,7,0.6254039106979702,13
user_063,3968,14,1.5891268133530772,13
user_097,3933,9,0.6458548518843156,13
user_061,3911,1,0.0,13
user_152,3860,2,0.04039396683908641,13
user_168,3797,3,0.06532056405514855,13
user_080,3795,2,0.024349801785927785,13
user_033,3630,10,0.8236729627183501,13
user_164,3612,7,0.6725527142396824,13
user_049,3552,1,0.0,13
user_000,3550,8,0.8989854826279521,13
user_086,3130,2,0.11544047672834722,13
user_120,3128,2,0.017819508174010512,13
user_252,3056,8,0.9734995680237465,13
user_085,3026,6,0.7265009138249158,10
user_067,2944,1,0.0,13
user_052,2923,5,0.48653339996478134,5
user_370,2899,10,0.5385869149753726,7
user_127,2798,2,0.04765261783537837,13
user_043,2779,7,0.6569116473589788,13
user_096,2773,2,0.02388494294958971,13
user_071,2745,2,0.04490082285654705,13
user_104,2720,2,0.03417780067588593,13
user_094,2716,2,0.05909189721340531,13
user_053,2681,2,0.02032975794026025,13
user_148,2517,11,1.3036835092947476,13
user_047,2501,1,0.0,11
user_044,2393,2,0.1643148399882282,13
user_374,2341,1,0.0,6
user_048,2291,1,0.0,13
user_109,2288,7,0.5971573785067285,8
user_243,2277,8,1.0713934098199491,12
user_190,2228,2,0.0212431051257606,12
user_050,2130,1,0.0,12
user_138,2121,6,0.8257234247040995,13
user_136,2093,7,1.0706793195496436,13
user_325,2091,8,1.019218239720166,5
user_078,2083,9,0.7520282778676542,10
user_046,2075,1,0.0,12
user_204,2053,8,0.5524256992761515,7
user_087,2044,2,0.03348473747466606,12
user_171,2019,9,0.4205105293263265,12
user_041,2019,2,0.038904588841865234,9
user_602,1911,4,0.7470853459643716,13
user_603,1885,1,0.0,13
user_144,1807,3,0.023762799045982014,13
user_018,1779,2,0.015955901643423205,2
user_105,1764,9,0.7249657100400202,10
user_098,1734,2,0.2409547690774967,13
user_135,1672,7,0.9662758541941464,13
user_332,1623,4,0.14526947734381299,2
user_133,1616,4,0.2317764617275435,13
user_453,1610,1,0.0,4
user_195,1523,8,1.64414792490445,9
user_088,1490,2,0.01857421088101591,13
user_121,1421,7,0.662986001769935,13
user_039,1418,5,0.08722839320487165,12
user_035,1401,2,0.03882975210361519,10
user_037,1399,5,0.1371991413149788,9
user_407,1370,5,0.668405928910403,5
user_137,1353,1,0.0,13
user_113,1283,1,0.0,13
user_277,1277,5,0.21735964143410097,13
user_249,1271,4,0.2301854195316597,13
user_091,1239,11,1.1686581664455513,12
user_201,1229,8,0.4015136817827417,13
user_134,1224,3,0.04371716367690584,12
user_074,1204,1,0.0,13
user_177,1190,9,0.9401299645323988,13
user_159,1177,4,0.32899153523746183,13
user_429,1123,1,0.0,5
user_257,1069,5,0.7643293352258831,5
user_449,1066,1,0.0,4
user_192,1059,4,0.20803239025602316,3
user_126,1056,2,0.13579395875159386,13
user_008,1031,2,0.014052699793529319,2
user_417,1024,5,0.977744069173508,3
user_157,1009,1,0.0,12
user_153,986,5,0.6183818886183271,12
user_108,979,7,0.5744014739365617,8
user_186,953,2,0.008246684219385991,10
user_117,920,10,1.0347906189222957,13
user_112,908,3,0.2690540713204635,7
user_193,907,10,1.3147920128309336,13
user_258,906,2,0.008618639322854458,11
user_054,904,5,0.48905153010041996,3
user_335,886,5,0.6193411345039092,7
user_574,845,5,0.2700816255044692,3
user_072,830,7,0.8045609565148302,13
user_082,794,2,0.04444485718746687,9
user_267,794,5,0.4666684399315761,12
user_092,791,7,0.7882406905665412,13
user_156,789,5,0.2412837818720267,10
user_024,780,1,0.0,2
user_359,775,3,0.10218148601019938,13
user_433,775,1,0.0,5
user_211,774,1,0.0,11
user_377,773,5,0.49695617172879425,4
user_262,772,1,0.0,9
user_124,751,1,0.0,12
user_141,748,6,0.7532042198756186,4
user_176,724,9,1.3715399272203859,13
user_208,719,8,0.9959028001509146,13
user_073,714,2,0.6652042646399301,1
user_162,711,2,0.034754204439870276,13
user_263,682,7,0.9976017353394053,13
user_032,668,1,0.0,11
user_187,662,8,1.286955954036417,13
user_524,649,2,0.4349385381527504,1
user_011,647,4,0.5124677022645782,11
user_140,640,7,0.776727157752879,12
user_202,621,2,0.0216958836196545,9
user_110,620,2,0.12565383856260745,12
user_432,615,1,0.0,5
user_280,609,4,0.7297415843573396,4
user_322,608,4,0.6652442192647321,6
user_101,592,2,0.09246434141822439,13
user_130,575,2,0.02316341464314934,3
user_099,572,2,0.03276870486950656,7
user_304,566,1,0.0,11
user_446,557,1,0.0,4
user_154,543,1,0.0,12
user_250,536,1,0.0,2
user_076,528,2,0.07048427083336122,6
user_234,495,7,0.9560818939793917,13
user_103,492,8,1.2498369128513727,12
user_215,485,7,0.42767673172412274,2
user_210,477,3,0.11674844805292937,10
user_196,469,2,0.24903697922162238,6
user_421,469,1,0.0,5
user_119,467,5,0.7910952324938773,13
user_461,464,1,0.0,5
user_375,458,2,0.15149715914872844,5
user_308,457,6,0.8583665414031537,6
user_161,449,7,0.700614277427989,7
user_100,446,4,0.36920757200215004,4
user_424,444,7,0.8451432498602213,5
user_372,443,1,0.0,5
user_155,443,3,0.15917688834188662,13
user_269,438,1,0.0,8
user_198,431,4,0.5430208766011224,12
user_591,430,7,0.6133796177362454,3
user_327,426,1,0.0,6
user_485,424,1,0.0,5
user_384,407,1,0.0,4
user_175,400,4,0.1690115114465923,9
user_207,398,10,1.2276469786113207,13
user_572,391,4,0.29287872873017196,2
user_051,387,4,0.1830488834093994,12
user_510,381,1,0.0,4
user_081,379,6,0.1709991399786231,5
user_317,378,1,0.0,5
user_363,371,2,0.033532908936075495,9
user_436,368,5,0.3849463116562316,5
user_189,363,1,0.0,5
user_106,355,11,1.1877114985243704,12
user_388,345,4,0.5034048265738891,5
user_299,336,4,0.6145048611602248,4
user_203,329,7,0.3091813125943724,13
user_251,325,4,0.1664321108321237,5
user_240,320,6,0.21786931418441655,4
user_214,318,4,0.40817150926523244,12
user_197,313,1,0.0,9
user_400,309,2,0.021785506166803883,3
user_430,307,5,0.8090809754020778,5
user_116,296,4,0.48865411902726674,13
user_311,296,4,0.7130878585089747,11
user_288,291,4,0.9279202028743102,11
user_093,287,2,0.2617644829090154,12
user_294,278,5,0.5014348714914517,8
user_027,278,1,0.0,4
user_191,274,4,0.4741777624527692,3
user_184,273,1,0.0,13
user_307,271,2,0.043581346805846265,5
user_182,270,2,0.10656595882801999,13
user_220,269,1,0.0,11
user_428,267,5,0.7140618982959531,3
user_069,266,1,0.0,3
user_464,260,1,0.0,4
user_115,256,3,0.33802002822336424,7
user_222,251,8,1.2578383046611392,6
user_173,250,5,0.7851103781821311,10
user_604,238,1,0.0,12
user_180,235,2,0.027478531192234992,6
user_360,229,1,0.0,6
user_480,224,1,0.0,4
user_484,222,1,0.0,4
user_146,218,6,0.4714302157735501,13
user_447,217,1,0.0,4
user_122,214,8,0.7611616742098245,13
user_321,213,1,0.0,10
user_373,213,1,0.0,9
user_128,213,4,0.2515998934118459,12
user_457,211,2,0.3824942719491933,4
user_216,207,4,0.8784167380331749,13
user_233,205,1,0.0,12
user_355,204,2,0.07664880077618422,3
user_450,201,1,0.0,4
user_169,187,7,1.1744106106873382,11
user_273,185,2,0.28140183959141857,12
user_592,183,1,0.0,2
user_194,182,7,1.0156684278334218,11
user_509,182,1,0.0,4
user_381,182,3,0.06811529608647736,2
user_306,178,1,0.0,7
user_232,177,1,0.0,13
user_231,177,4,0.46102175970059117,11
user_353,176,1,0.0,3
user_293,176,1,0.0,5
user_014,172,4,1.3862943611198906,8
user_010,167,6,1.4826816501926405,6
user_497,167,1,0.0,4
user_283,163,1,0.0,11
user_345,163,1,0.0,8
user_238,160,3,0.1546983741903095,12
user_486,160,1,0.0,4
user_440,159,1,0.0,5
user_123,158,1,0.0,9
user_163,156,5,0.7375679477012282,12
user_185,155,1,0.0,5
user_462,154,1,0.0,4
user_468,151,1,0.0,4
user_292,150,2,0.040048630190433046,6
user_221,148,1,0.0,11
user_181,145,1,0.0,12
user_530,142,1,0.0,4
user_224,142,3,0.17611214164649072,11
user_139,140,2,0.10354796757746547,12
user_519,139,1,0.0,4
user_212,139,1,0.0,9
user_466,139,2,0.38542826651675904,4
user_320,136,3,0.20069409072578565,7
user_170,134,2,0.10719288797064877,11
user_488,134,1,0.0,4
user_239,132,3,0.6309404854337874,11
user_218,130,8,1.4796301445291216,12
user_083,130,2,0.04510521843515391,7
user_539,129,1,0.0,4
user_469,128,2,0.2930365266374333,4
user_016,118,6,1.4604616051569275,7
user_009,118,6,1.5103886811336316,7
user_223,118,4,0.9588315437219298,10
user_439,116,1,0.0,5
user_244,116,4,0.1858473639842053,5
user_392,115,1,0.0,7
user_264,111,1,0.0,4
user_003,108,2,0.6682484776645385,1
user_300,108,1,0.0,4
user_131,108,6,1.112982737507211,11
user_333,106,1,0.0,5
user_272,105,4,0.7775803303386273,12
user_349,103,2,0.09576329345209114,4
user_329,102,1,0.0,8
user_346,102,1,0.0,4
user_350,101,2,0.05554607526889177,3
user_358,99,3,0.11282727523733607,9
user_174,97,2,0.570671223958424,11
user_435,94,1,0.0,5
user_236,93,1,0.0,12
user_465,93,1,0.0,4
user_213,92,4,0.575657643819109,2
user_118,90,3,0.6900799176025821,9
user_217,90,1,0.0,12
user_441,90,1,0.0,5
user_470,88,1,0.0,4
user_255,86,1,0.0,11
user_326,86,5,0.9159373724812081,3
user_266,84,3,0.5655568009540307,3
user_125,83,5,1.4676332150649452,11
user_337,82,1,0.0,4
user_482,82,2,0.39419340249943036,4
user_471,81,2,0.4791656239282754,4
user_090,81,4,1.0183208527137253,2
user_151,80,4,0.7381275751534703,13
user_271,79,5,0.9033213286930769,11
user_475,78,1,0.0,4
user_331,78,1,0.0,2
user_411,77,2,0.0693153717009415,2
user_179,77,2,0.30463609734923813,11
user_324,77,1,0.0,3
user_319,77,5,1.1697384311987347,12
user_022,75,6,1.5242473011410607,12
user_391,74,1,0.0,1
user_434,73,2,0.12557498044903107,5
user_369,71,2,0.0740225961475812,3
user_284,71,7,0.8415479310324528,8
user_352,70,1,0.0,3
user_114,70,1,0.0,4
user_166,69,3,0.7063357943648705,7
user_209,69,5,0.7828970324910691,5
user_344,66,1,0.0,3
user_265,66,1,0.0,11
user_149,65,1,0.0,12
user_225,64,6,1.4493668035930725,10
user_312,63,1,0.0,3
user_493,63,1,0.0,4
user_205,63,1,0.0,4
user_597,62,1,0.0,1
user_500,62,3,1.0268630343893188,3
user_199,61,7,1.3831065765296007,10
user_318,61,1,0.0,9
user_525,61,1,0.0,3
user_460,61,1,0.0,4
user_145,60,1,0.0,13
user_419,58,1,0.0,1
user_254,57,1,0.0,7
user_458,56,2,0.46922034844159877,4
user_270,56,1,0.0,6
user_330,54,1,0.0,3
user_387,53,6,1.1745811765776353,8
user_206,52,4,0.944531131569049,7
user_275,52,1,0.0,6
user_362,52,1,0.0,11
user_305,51,2,0.09650896073594732,6
user_364,50,1,0.0,2
user_476,50,1,0.0,4
user_248,48,1,0.0,13
user_380,48,2,0.10126481756679193,4
user_514,48,2,0.45056120886630463,4
user_347,48,1,0.0,5
user_285,47,2,0.10296666046541245,7
user_367,47,1,0.0,7
user_416,46,1,0.0,5
user_448,46,1,0.0,4
user_505,46,1,0.0,4
user_452,46,2,0.2954391918721161,4
user_313,46,2,0.17884491271684755,5
user_368,45,1,0.0,3
user_328,45,4,1.1368005186695187,8
user_279,44,2,0.625491359725573,8
user_545,44,1,0.0,3
user_314,44,1,0.0,4
user_481,43,1,0.0,4
user_316,42,1,0.0,2
user_473,42,2,0.25731864054383163,4
user_160,42,1,0.0,3
user_260,41,5,0.6750747724586077,8
user_342,41,1,0.0,3
user_544,41,2,0.3707947167874672,4
user_537,40,1,0.0,3
user_495,40,1,0.0,4
user_376,40,1,0.0,2
user_523,40,1,0.0,3
user_455,40,2,0.2663844632679204,4
user_552,40,1,0.0,4
user_454,40,2,0.2663844632679204,4
user_261,38,1,0.0,2
user_323,38,1,0.0,5
user_463,37,1,0.0,4
user_021,36,4,1.3862943611198906,2
user_356,36,1,0.0,5
user_025,36,1,0.0,2
user_111,36,2,0.6682484776645385,5
user_459,35,2,0.355382896246011,4
user_496,34,2,0.13269142083987176,4
user_274,34,3,0.4283676329729558,4
user_259,34,1,0.0,7
user_536,34,1,0.0,3
user_378,33,4,1.0953661268887036,5
user_498,33,2,0.30463609734923813,4
user_302,33,1,0.0,8
user_268,32,1,0.0,12
user_361,32,3,0.7856352652491524,3
user_256,32,5,1.1737248027155431,9
user_336,32,1,0.0,2
user_309,32,2,0.13906079845474112,4
user_394,31,2,0.38454291975622856,4
user_410,31,1,0.0,2
user_365,31,1,0.0,1
user_242,31,1,0.0,2
user_601,31,3,1.0131875083727033,1
user_348,30,1,0.0,2
user_501,30,1,0.0,4
user_490,29,2,0.40118986218700575,4
user_165,28,2,0.5982695885852573,6
user_427,28,1,0.0,3
user_456,27,2,0.15841057013179086,4
user_290,27,2,0.15841057013179086,6
user_502,27,2,0.34883209584303193,4
user_483,27,2,0.2640520518256287,4
user_229,26,1,0.0,4
user_507,26,2,0.4293230219306162,4
user_291,26,2,0.3576271598532216,4
user_551,26,1,0.0,4
user_017,25,5,1.0704836531307915,2
user_412,25,1,0.0,1
user_371,25,1,0.0,2
user_301,25,1,0.0,1
user_467,24,1,0.0,4
user_513,23,2,0.2954391918721161,4
user_472,23,2,0.46203690946645704,4
user_563,23,2,0.6145033203107282,3
user_478,22,1,0.0,3
user_547,22,2,0.30463609734923813,4
user_404,22,1,0.0,1
user_253,21,1,0.0,6
user_567,21,2,0.48691270946460224,4
user_445,20,4,1.3862943611198906,1
user_503,20,1,0.0,4
user_521,20,1,0.0,4
user_479,20,1,0.0,4
user_183,19,1,0.0,8
user_506,19,1,0.0,3
user_516,19,1,0.0,3
user_512,19,1,0.0,4
user_247,19,2,0.5146531654289292,3
user_535,18,1,0.0,3
user_477,18,1,0.0,4
user_569,18,1,0.0,1
user_499,18,2,0.45056120886630463,4
user_129,18,4,1.0399095464305241,5
user_487,17,1,0.0,3
user_518,16,1,0.0,4
user_246,16,1,0.0,1
user_511,16,2,0.48257756517701206,3
user_383,15,1,0.0,3
user_281,15,3,0.8033149761408755,2
user_289,14,2,0.6829081047004717,5
user_287,14,2,0.6829081047004717,4
user_568,14,1,0.0,4
user_026,14,6,1.6973896536140218,3
user_494,14,2,0.25731864054383163,4
user_295,14,1,0.0,4
user_241,14,1,0.0,4
user_278,14,2,0.25731864054383163,1
user_550,13,2,0.5402041423888608,3
user_564,13,2,0.4293230219306162,4
user_226,13,1,0.0,4
user_143,13,4,1.0905994737794786,6
user_366,13,4,1.2658567518727373,3
user_520,13,1,0.0,3
user_515,13,2,0.5402041423888608,3
user_558,12,2,0.2868359830561607,4
user_351,12,1,0.0,3
user_492,12,2,0.5623351446188083,3
user_399,12,1,0.0,2
user_549,12,1,0.0,2
user_303,11,2,0.47413931305783735,3
user_403,11,1,0.0,1
user_578,11,1,0.0,2
user_577,10,1,0.0,3
user_237,10,1,0.0,4
user_357,10,1,0.0,3
user_028,9,3,1.0986122886681096,1
user_276,9,1,0.0,6
user_150,9,4,1.1490596969706204,1
user_474,9,1,0.0,4
user_379,9,1,0.0,1
user_228,9,4,1.3689223607402192,3
user_504,9,1,0.0,3
user_543,9,1,0.0,2
user_527,9,1,0.0,4
user_554,9,1,0.0,4
user_581,9,3,0.8486855577264172,1
user_557,9,1,0.0,4
user_437,8,3,0.9002560512685369,1
user_297,8,2,0.6931471805599453,1
user_310,8,1,0.0,1
user_398,8,1,0.0,4
user_528,8,1,0.0,3
user_395,7,1,0.0,3
user_546,7,1,0.0,2
user_389,7,1,0.0,2
user_390,7,1,0.0,2
user_413,7,1,0.0,2
user_491,6,1,0.0,3
user_508,6,1,0.0,3
user_401,6,3,0.8675632284814612,1
user_538,6,2,0.6931471805599453,1
user_382,6,1,0.0,5
user_402,6,1,0.0,1
user_230,6,1,0.0,1
user_565,5,2,0.5004024235381879,4
user_559,5,2,0.6730116670092565,2
user_533,5,1,0.0,2
user_580,5,1,0.0,2
user_588,5,1,0.0,1
user_589,5,1,0.0,2
user_598,5,1,0.0,1
user_532,4,1,0.0,2
user_579,4,1,0.0,2
user_531,4,1,0.0,3
user_555,4,1,0.0,3
user_444,4,4,1.3862943611198906,1
user_442,4,1,0.0,4
user_227,4,2,0.6931471805599453,3
user_570,4,1,0.0,3
user_438,4,1,0.0,1
user_296,4,1,0.0,2
user_576,4,1,0.0,2
user_573,3,1,0.0,1
user_561,3,1,0.0,3
user_566,3,1,0.0,2
user_556,3,1,0.0,3
user_529,3,1,0.0,3
user_396,3,2,0.6365141682948128,2
user_431,3,1,0.0,3
user_338,3,1,0.0,1
user_517,3,1,0.0,2
user_571,3,1,0.0,2
user_393,3,1,0.0,1
user_386,2,1,0.0,2
user_385,2,1,0.0,2
user_315,2,1,0.0,1
user_600,2,1,0.0,1
user_583,2,1,0.0,1
user_522,2,1,0.0,2
user_548,2,1,0.0,2
user_541,2,1,0.0,2
user_423,2,1,0.0,1
user_405,2,1,0.0,1
user_354,2,2,0.6931471805599453,1
user_526,2,1,0.0,2
user_585,2,1,0.0,1
user_586,1,1,0.0,1
user_587,1,1,0.0,1
user_594,1,1,0.0,1
user_590,1,1,0.0,1
user_593,1,1,0.0,1
user_553,1,1,0.0,1
user_575,1,1,0.0,1
user_540,1,1,0.0,1
user_542,1,1,0.0,1
user_489,1,1,0.0,1
user_426,1,1,0.0,1
user_425,1,1,0.0,1
user_414,1,1,0.0,1
user_415,1,1,0.0,1
user_418,1,1,0.0,1
user_420,1,1,0.0,1
user_422,1,1,0.0,1
user_245,1,1,0.0,1
user_282,1,1,0.0,1
user_298,1,1,0.0,1
user_443,1,1,0.0,1
user_132,1,1,0.0,1
user_055,1,1,0.0,1
user_397,1,1,0.0,1
user_409,1,1,0.0,1
user_339,1,1,0.0,1
user_334,1,1,0.0,1
user_595,1,1,0.0,1
user_596,1,1,0.0,1
user_408,1,1,0.0,1
user_406,1,1,0.0,1
user_219,1,1,0.0,1
user_340,1,1,0.0,1
user_534,1,1,0.0,1
user_343,1,1,0.0,1
user_341,1,1,0.0,1
user_560,1,1,0.0,1
user_562,1,1,0.0,1
user_582,1,1,0.0,1
user_584,1,1,0.0,1
user_606,1,1,0.0,1
