resource_kind,resource,event_count
no_recorded_user,NONE,396241
human_user,user_002,165756
human_user,user_029,71469
human_user,user_020,39618
batch_user,batch_06,38100
human_user,user_013,34630
human_user,user_001,34103
human_user,user_012,32387
human_user,user_019,29580
human_user,user_235,28332
batch_user,batch_02,27857
human_user,user_015,27856
batch_user,batch_00,27754
human_user,user_040,17625
human_user,user_006,17549
batch_user,batch_03,17380
human_user,user_057,16089
batch_user,batch_07,15185
human_user,user_036,14721
human_user,user_005,14611
human_user,user_045,13649
human_user,user_038,13260
human_user,user_030,12760
human_user,user_451,10874
human_user,user_060,10127
human_user,user_084,9054
human_user,user_034,8988
human_user,user_058,8005
human_user,user_007,7732
human_user,user_042,7668
human_user,user_059,7637
human_user,user_178,7383
human_user,user_031,7209
human_user,user_107,7141
human_user,user_089,6712
human_user,user_075,6601
human_user,user_064,6571
human_user,user_147,6512
batch_user,batch_12,5988
human_user,user_077,5835
human_user,user_167,5761
human_user,user_066,5711
human_user,user_200,5654
human_user,user_079,5258
human_user,user_023,5133
human_user,user_004,4959
human_user,user_102,4929
human_user,user_142,4828
human_user,user_062,4731
human_user,user_068,4621
human_user,user_070,4489
human_user,user_286,4461
human_user,user_158,4460
human_user,user_065,4446
human_user,user_056,4379
batch_user,batch_05,4339
human_user,user_188,4331
human_user,user_095,4261
human_user,user_172,4157
human_user,user_063,3968
human_user,user_097,3933
batch_user,batch_17,3917
human_user,user_061,3911
human_user,user_152,3860
human_user,user_168,3797
human_user,user_080,3795
human_user,user_033,3630
human_user,user_164,3612
human_user,user_049,3552
human_user,user_000,3550
batch_user,batch_16,3328
batch_user,batch_10,3141
human_user,user_086,3130
human_user,user_120,3128
human_user,user_252,3056
human_user,user_085,3026
human_user,user_067,2944
human_user,user_052,2923
human_user,user_370,2899
human_user,user_127,2798
human_user,user_043,2779
human_user,user_096,2773
human_user,user_071,2745
human_user,user_104,2720
human_user,user_094,2716
human_user,user_053,2681
human_user,user_148,2517
human_user,user_047,2501
batch_user,batch_01,2494
batch_user,batch_04,2480
human_user,user_044,2393
human_user,user_374,2341
human_user,user_048,2291
human_user,user_109,2288
human_user,user_243,2277
human_user,user_190,2228
human_user,user_050,2130
human_user,user_138,2121
human_user,user_136,2093
human_user,user_325,2091
human_user,user_078,2083
human_user,user_046,2075
human_user,user_204,2053
human_user,user_087,2044
human_user,user_041,2019
human_user,user_171,2019
human_user,user_602,1911
human_user,user_603,1885
batch_user,batch_08,1813
human_user,user_144,1807
human_user,user_018,1779
human_user,user_105,1764
human_user,user_098,1734
human_user,user_135,1672
batch_user,batch_11,1669
human_user,user_332,1623
human_user,user_133,1616
human_user,user_453,1610
human_user,user_195,1523
human_user,user_088,1490
human_user,user_121,1421
human_user,user_039,1418
human_user,user_035,1401
human_user,user_037,1399
human_user,user_407,1370
human_user,user_137,1353
human_user,user_113,1283
human_user,user_277,1277
human_user,user_249,1271
human_user,user_091,1239
human_user,user_201,1229
human_user,user_134,1224
human_user,user_074,1204
human_user,user_177,1190
human_user,user_159,1177
human_user,user_429,1123
human_user,user_257,1069
human_user,user_449,1066
human_user,user_192,1059
human_user,user_126,1056
human_user,user_008,1031
human_user,user_417,1024
human_user,user_157,1009
human_user,user_153,986
human_user,user_108,979
human_user,user_186,953
human_user,user_117,920
human_user,user_112,908
human_user,user_193,907
human_user,user_258,906
human_user,user_054,904
human_user,user_335,886
human_user,user_574,845
human_user,user_072,830
human_user,user_082,794
human_user,user_267,794
human_user,user_092,791
human_user,user_156,789
human_user,user_024,780
human_user,user_359,775
human_user,user_433,775
human_user,user_211,774
human_user,user_377,773
human_user,user_262,772
human_user,user_124,751
human_user,user_141,748
human_user,user_176,724
human_user,user_208,719
human_user,user_073,714
human_user,user_162,711
human_user,user_263,682
human_user,user_032,668
human_user,user_187,662
human_user,user_524,649
human_user,user_011,647
human_user,user_140,640
human_user,user_202,621
human_user,user_110,620
human_user,user_432,615
human_user,user_280,609
human_user,user_322,608
human_user,user_101,592
human_user,user_130,575
human_user,user_099,572
human_user,user_304,566
human_user,user_446,557
human_user,user_154,543
human_user,user_250,536
human_user,user_076,528
human_user,user_234,495
human_user,user_103,492
human_user,user_215,485
human_user,user_210,477
human_user,user_196,469
human_user,user_421,469
human_user,user_119,467
human_user,user_461,464
human_user,user_375,458
human_user,user_308,457
human_user,user_161,449
human_user,user_100,446
human_user,user_424,444
human_user,user_155,443
human_user,user_372,443
human_user,user_269,438
human_user,user_198,431
human_user,user_591,430
human_user,user_327,426
human_user,user_485,424
human_user,user_384,407
human_user,user_175,400
human_user,user_207,398
human_user,user_572,391
human_user,user_051,387
human_user,user_510,381
human_user,user_081,379
human_user,user_317,378
human_user,user_363,371
human_user,user_436,368
human_user,user_189,363
human_user,user_106,355
batch_user,batch_13,353
human_user,user_388,345
human_user,user_299,336
human_user,user_203,329
human_user,user_251,325
human_user,user_240,320
human_user,user_214,318
human_user,user_197,313
human_user,user_400,309
human_user,user_430,307
human_user,user_116,296
human_user,user_311,296
human_user,user_288,291
human_user,user_093,287
human_user,user_027,278
human_user,user_294,278
human_user,user_191,274
human_user,user_184,273
human_user,user_307,271
human_user,user_182,270
human_user,user_220,269
human_user,user_428,267
human_user,user_069,266
human_user,user_464,260
human_user,user_115,256
human_user,user_222,251
human_user,user_173,250
human_user,user_604,238
human_user,user_180,235
human_user,user_360,229
human_user,user_480,224
human_user,user_484,222
human_user,user_146,218
human_user,user_447,217
human_user,user_122,214
human_user,user_128,213
human_user,user_321,213
human_user,user_373,213
human_user,user_457,211
human_user,user_216,207
human_user,user_233,205
human_user,user_355,204
human_user,user_450,201
human_user,user_169,187
human_user,user_273,185
human_user,user_592,183
human_user,user_194,182
human_user,user_381,182
human_user,user_509,182
human_user,user_306,178
human_user,user_231,177
human_user,user_232,177
human_user,user_293,176
human_user,user_353,176
human_user,user_014,172
human_user,user_010,167
human_user,user_497,167
human_user,user_283,163
human_user,user_345,163
human_user,user_238,160
human_user,user_486,160
human_user,user_440,159
human_user,user_123,158
human_user,user_163,156
human_user,user_185,155
human_user,user_462,154
human_user,user_468,151
human_user,user_292,150
human_user,user_221,148
human_user,user_181,145
human_user,user_224,142
human_user,user_530,142
human_user,user_139,140
human_user,user_212,139
human_user,user_466,139
human_user,user_519,139
human_user,user_320,136
human_user,user_170,134
human_user,user_488,134
human_user,user_239,132
human_user,user_083,130
human_user,user_218,130
human_user,user_539,129
human_user,user_469,128
human_user,user_009,118
human_user,user_016,118
human_user,user_223,118
human_user,user_244,116
human_user,user_439,116
human_user,user_392,115
human_user,user_264,111
human_user,user_003,108
human_user,user_131,108
human_user,user_300,108
human_user,user_333,106
human_user,user_272,105
human_user,user_349,103
human_user,user_346,102
human_user,user_329,102
human_user,user_350,101
human_user,user_358,99
human_user,user_174,97
human_user,user_435,94
human_user,user_236,93
human_user,user_465,93
human_user,user_213,92
human_user,user_118,90
human_user,user_217,90
human_user,user_441,90
human_user,user_470,88
human_user,user_255,86
human_user,user_326,86
human_user,user_266,84
human_user,user_125,83
human_user,user_337,82
human_user,user_482,82
human_user,user_090,81
human_user,user_471,81
human_user,user_151,80
human_user,user_271,79
batch_user,batch_14,78
human_user,user_331,78
human_user,user_475,78
human_user,user_179,77
human_user,user_319,77
human_user,user_324,77
human_user,user_411,77
human_user,user_022,75
human_user,user_391,74
human_user,user_434,73
human_user,user_284,71
human_user,user_369,71
human_user,user_114,70
human_user,user_352,70
human_user,user_166,69
human_user,user_209,69
human_user,user_265,66
human_user,user_344,66
human_user,user_149,65
human_user,user_225,64
human_user,user_205,63
human_user,user_312,63
human_user,user_493,63
human_user,user_500,62
human_user,user_597,62
human_user,user_199,61
human_user,user_318,61
human_user,user_460,61
human_user,user_525,61
human_user,user_145,60
human_user,user_419,58
human_user,user_254,57
human_user,user_270,56
human_user,user_458,56
human_user,user_330,54
human_user,user_387,53
human_user,user_206,52
human_user,user_275,52
human_user,user_362,52
human_user,user_305,51
human_user,user_364,50
human_user,user_476,50
human_user,user_248,48
human_user,user_347,48
human_user,user_380,48
human_user,user_514,48
human_user,user_285,47
human_user,user_367,47
human_user,user_313,46
human_user,user_416,46
human_user,user_448,46
human_user,user_452,46
human_user,user_505,46
human_user,user_328,45
human_user,user_368,45
human_user,user_279,44
human_user,user_314,44
human_user,user_545,44
human_user,user_481,43
human_user,user_160,42
human_user,user_316,42
human_user,user_473,42
human_user,user_260,41
human_user,user_342,41
human_user,user_544,41
human_user,user_376,40
human_user,user_454,40
human_user,user_455,40
human_user,user_495,40
human_user,user_523,40
human_user,user_537,40
human_user,user_552,40
human_user,user_261,38
human_user,user_323,38
human_user,user_463,37
human_user,user_021,36
human_user,user_025,36
human_user,user_111,36
human_user,user_356,36
human_user,user_459,35
human_user,user_259,34
human_user,user_274,34
human_user,user_496,34
human_user,user_536,34
human_user,user_302,33
human_user,user_378,33
human_user,user_498,33
human_user,user_256,32
human_user,user_268,32
human_user,user_309,32
human_user,user_336,32
human_user,user_361,32
human_user,user_242,31
human_user,user_365,31
human_user,user_394,31
human_user,user_410,31
human_user,user_601,31
human_user,user_348,30
human_user,user_501,30
human_user,user_490,29
human_user,user_165,28
human_user,user_427,28
human_user,user_290,27
human_user,user_456,27
human_user,user_483,27
human_user,user_502,27
human_user,user_229,26
human_user,user_291,26
human_user,user_507,26
human_user,user_551,26
human_user,user_017,25
human_user,user_301,25
human_user,user_371,25
human_user,user_412,25
human_user,user_467,24
human_user,user_472,23
human_user,user_513,23
human_user,user_563,23
human_user,user_404,22
human_user,user_478,22
human_user,user_547,22
human_user,user_253,21
human_user,user_567,21
human_user,user_445,20
human_user,user_479,20
human_user,user_503,20
human_user,user_521,20
human_user,user_183,19
human_user,user_247,19
human_user,user_506,19
human_user,user_512,19
human_user,user_516,19
human_user,user_129,18
human_user,user_477,18
human_user,user_499,18
human_user,user_535,18
human_user,user_569,18
human_user,user_487,17
batch_user,batch_09,16
human_user,user_246,16
human_user,user_511,16
human_user,user_518,16
human_user,user_281,15
human_user,user_383,15
human_user,user_026,14
human_user,user_241,14
human_user,user_278,14
human_user,user_287,14
human_user,user_289,14
human_user,user_295,14
human_user,user_494,14
human_user,user_568,14
human_user,user_143,13
human_user,user_226,13
human_user,user_366,13
human_user,user_515,13
human_user,user_520,13
human_user,user_550,13
human_user,user_564,13
human_user,user_351,12
human_user,user_399,12
human_user,user_492,12
human_user,user_549,12
human_user,user_558,12
human_user,user_303,11
human_user,user_403,11
human_user,user_578,11
human_user,user_237,10
human_user,user_357,10
human_user,user_577,10
human_user,user_028,9
human_user,user_150,9
human_user,user_228,9
human_user,user_276,9
human_user,user_379,9
human_user,user_474,9
human_user,user_504,9
human_user,user_527,9
human_user,user_543,9
human_user,user_554,9
human_user,user_557,9
human_user,user_581,9
human_user,user_297,8
human_user,user_310,8
human_user,user_398,8
human_user,user_437,8
human_user,user_528,8
human_user,user_389,7
human_user,user_390,7
human_user,user_395,7
human_user,user_413,7
human_user,user_546,7
human_user,user_230,6
human_user,user_382,6
human_user,user_401,6
human_user,user_402,6
human_user,user_491,6
human_user,user_508,6
human_user,user_538,6
batch_user,batch_19,6
human_user,user_533,5
human_user,user_559,5
human_user,user_565,5
human_user,user_580,5
human_user,user_588,5
human_user,user_589,5
human_user,user_598,5
human_user,user_227,4
human_user,user_296,4
human_user,user_438,4
human_user,user_442,4
human_user,user_444,4
batch_user,batch_18,4
human_user,user_531,4
human_user,user_532,4
human_user,user_555,4
human_user,user_570,4
human_user,user_576,4
human_user,user_579,4
human_user,user_338,3
human_user,user_393,3
human_user,user_396,3
human_user,user_431,3
human_user,user_517,3
human_user,user_529,3
human_user,user_556,3
human_user,user_561,3
human_user,user_566,3
human_user,user_571,3
human_user,user_573,3
human_user,user_315,2
human_user,user_354,2
human_user,user_385,2
human_user,user_386,2
human_user,user_405,2
human_user,user_423,2
batch_user,batch_15,2
human_user,user_522,2
human_user,user_526,2
human_user,user_541,2
human_user,user_548,2
human_user,user_583,2
human_user,user_585,2
human_user,user_600,2
human_user,user_055,1
human_user,user_132,1
human_user,user_219,1
human_user,user_245,1
human_user,user_282,1
human_user,user_298,1
human_user,user_334,1
human_user,user_339,1
human_user,user_340,1
human_user,user_341,1
human_user,user_343,1
human_user,user_397,1
human_user,user_406,1
human_user,user_408,1
human_user,user_409,1
human_user,user_414,1
human_user,user_415,1
human_user,user_418,1
human_user,user_420,1
human_user,user_422,1
human_user,user_425,1
human_user,user_426,1
human_user,user_443,1
human_user,user_489,1
human_user,user_534,1
human_user,user_540,1
human_user,user_542,1
human_user,user_553,1
human_user,user_560,1
human_user,user_562,1
human_user,user_575,1
human_user,user_582,1
human_user,user_584,1
human_user,user_586,1
human_user,user_587,1
human_user,user_590,1
human_user,user_593,1
human_user,user_594,1
human_user,user_595,1
human_user,user_596,1
human_user,user_606,1
