transition,candidate_h1_only,phase3_h1_observations,recomputed_h1_observations,h1_observations_absolute_error,h1_observations_relative_error,h1_observations_pass,phase3_h1_frequency_share,recomputed_h1_frequency_share,h1_frequency_share_absolute_error,h1_frequency_share_relative_error,h1_frequency_share_pass,phase3_h1_mean_capped_elapsed_hours,recomputed_h1_mean_capped_elapsed_hours,h1_mean_capped_elapsed_hours_absolute_error,h1_mean_capped_elapsed_hours_relative_error,h1_mean_capped_elapsed_hours_pass,phase3_h1_empirical_cvar95_hours,recomputed_h1_empirical_cvar95_hours,h1_empirical_cvar95_hours_absolute_error,h1_empirical_cvar95_hours_relative_error,h1_empirical_cvar95_hours_pass,phase3_h1_grid_empirical_cvar95_hours,recomputed_h1_grid_empirical_cvar95_hours,h1_grid_empirical_cvar95_hours_absolute_error,h1_grid_empirical_cvar95_hours_relative_error,h1_grid_empirical_cvar95_hours_pass,phase3_epsilon_primary_hours,recomputed_epsilon_primary_hours,epsilon_primary_hours_absolute_error,epsilon_primary_hours_relative_error,epsilon_primary_hours_pass,phase3_h1_dro_worst_case_cvar95_hours,recomputed_h1_dro_worst_case_cvar95_hours,h1_dro_worst_case_cvar95_hours_absolute_error,h1_dro_worst_case_cvar95_hours_relative_error,h1_dro_worst_case_cvar95_hours_pass,phase3_mean_burden_score,recomputed_mean_burden_score,mean_burden_score_absolute_error,mean_burden_score_relative_error,mean_burden_score_pass,phase3_tail_score,recomputed_tail_score,tail_score_absolute_error,tail_score_relative_error,tail_score_pass,phase3_dro_score,recomputed_dro_score,dro_score_absolute_error,dro_score_relative_error,dro_score_pass,gate_pass
Cancel Invoice Receipt -> Clear Invoice,True,1073.0,1073.0,0.0,0.0,True,0.001626183833035,0.001626183833035023,2.2985086056692694e-17,1.413437127449169e-14,True,215.7293569431501,215.72935694315007,2.842170943040401e-14,1.3174706416008932e-16,True,1497.8534948741842,1497.8534948741842,0.0,0.0,True,1497.7968313140725,1497.7968313140723,2.2737367544323206e-13,1.5180541892570886e-16,True,212.4794630837734,212.4794630837734,0.0,0.0,True,2160.0,2160.0,0.0,0.0,True,0.3508155925719924,0.3508155925719924,0.0,0.0,True,2.4357851376194057,2.4357851376194057,0.0,0.0,True,3.5125570793556493,3.5125570793556493,0.0,0.0,True,True
Change Approval for Purchase Order -> Change Approval for Purchase Order,True,606.0,606.0,0.0,0.0,True,0.0009184225562154,0.0009184225562154928,9.280770596475918e-17,1.0105120495646096e-13,True,420.8048954895489,420.8048954895489,0.0,0.0,True,2065.872167216721,2065.872167216721,0.0,0.0,True,2067.0099009900987,2067.0099009900987,0.0,0.0,True,410.08195941601207,410.08195941601207,0.0,0.0,True,2160.0,2160.0,0.0,0.0,True,0.3864767077835048,0.38647670778350485,5.551115123125783e-17,1.4363388559590473e-16,True,1.897343596629621,1.897343596629621,0.0,0.0,True,1.9837927214254645,1.9837927214254645,0.0,0.0,True,True
Change Price -> Change Quantity,True,596.0,596.0,0.0,0.0,True,0.0009032670684891,0.0009032670684891646,6.451002926288751e-17,7.141855550074886e-14,True,341.72234340044747,341.72234340044747,0.0,0.0,True,1679.6294183445189,1679.6294183445189,0.0,0.0,True,1673.395973154362,1673.395973154362,0.0,0.0,True,277.1537126595605,277.1537126595605,0.0,0.0,True,2160.0,2160.0,0.0,0.0,True,0.3086665393605698,0.3086665393605698,0.0,0.0,True,1.5171539408562142,1.5171539408562142,0.0,0.0,True,1.951056867936596,1.9510568679365954,6.661338147750939e-16,3.4142203936863484e-16,True,True
Change Price -> Record Goods Receipt,True,1271.0,1271.0,0.0,0.0,True,0.0019262624900163,0.0019262624900163224,2.233456475320139e-17,1.1594767000323199e-14,True,276.84891161814846,276.84891161814846,0.0,0.0,True,1197.152124311565,1197.1521243115653,2.2737367544323206e-13,1.8992880756402255e-16,True,1195.37372147915,1195.37372147915,0.0,0.0,True,108.42857078716206,108.42857078716206,0.0,0.0,True,2160.0,2160.0,0.0,0.0,True,0.5332836738518835,0.5332836738518835,0.0,0.0,True,2.3060292319047258,2.3060292319047258,0.0,0.0,True,4.160726978435257,4.160726978435257,0.0,0.0,True,True
Change Price -> Remove Payment Block,True,1001.0,1001.0,0.0,0.0,True,0.0015170643214054,0.0015170643214054594,5.941427905220564e-17,3.9163981522658565e-14,True,27.59044289044289,27.59044289044289,0.0,0.0,True,491.0166500166496,491.01665001664963,5.684341886080802e-14,1.1576678481041436e-16,True,489.6623376623373,489.6623376623373,0.0,0.0,True,43.87364502164501,43.87364502164501,0.0,0.0,True,1367.135238095227,1367.135238095238,1.1141310096718371e-11,8.149384045020373e-15,True,0.0418564765208658,0.041856476520865826,2.7755575615628914e-17,6.631130454039181e-16,True,0.7449038409562905,0.7449038409562905,0.0,0.0,True,2.0740320922504263,2.0740320922504436,1.7319479184152442e-14,8.350632205194067e-15,True,True
Change Price -> Vendor creates invoice,True,2108.0,2108.0,0.0,0.0,True,0.0031947768127099,0.003194776812709998,9.80118763926896e-17,3.067878670045597e-14,True,241.51087919038585,241.51087919038585,0.0,0.0,True,1273.860056925996,1273.8600569259959,2.2737367544323206e-13,1.7849187923508396e-16,True,1273.457305502846,1273.4573055028459,2.2737367544323206e-13,1.7854833017228615e-16,True,72.31663020256588,72.31663020256588,0.0,0.0,True,2160.0,2160.0,0.0,0.0,True,0.7715733568546503,0.7715733568546503,0.0,0.0,True,4.06969857250461,4.06969857250461,0.0,0.0,True,6.900717915453596,6.900717915453596,0.0,0.0,True,True
Change Quantity -> Change Delivery Indicator,True,511.0,511.0,0.0,0.0,True,0.0007744454228153,0.0007744454228153743,7.426784881525705e-17,9.589810544076188e-14,True,55.278082191780825,55.278082191780825,0.0,0.0,True,1082.0445205479443,1082.0445205479443,0.0,0.0,True,1083.7573385518583,1083.7573385518583,0.0,0.0,True,54.79230983405729,54.79230983405729,0.0,0.0,True,2160.0,2160.0,0.0,0.0,True,0.0428098577354367,0.04280985773543671,1.3877787807814457e-17,3.2417271492885264e-16,True,0.8379844262208117,0.8379844262208117,0.0,0.0,True,1.6728021132812083,1.6728021132812085,2.220446049250313e-16,1.327381183716285e-16,True,True
Change Quantity -> Change Quantity,True,1181.0,1181.0,0.0,0.0,True,0.0017898631004793,0.0017898631004793681,6.808789643208968e-17,3.804084033793238e-14,True,136.76287044877225,136.76287044877225,0.0,0.0,True,1076.004586508608,1076.004586508608,0.0,0.0,True,1077.1955969517355,1077.1955969517355,0.0,0.0,True,57.3026113057588,57.3026113057588,0.0,0.0,True,2160.0,2160.0,0.0,0.0,True,0.2447868153318976,0.24478681533189764,2.7755575615628914e-17,1.1338672623358464e-16,True,1.9259009053383176,1.9259009053383178,2.220446049250313e-16,1.1529388885459054e-16,True,3.8661042970354353,3.8661042970354353,0.0,0.0,True,True
Change Quantity -> Record Goods Receipt,True,4299.0,4299.0,0.0,0.0,True,0.0065153441735485,0.006515344173548521,2.0816681711721685e-17,3.1950241088160567e-15,True,156.96159959680546,156.96159959680546,0.0,0.0,True,1101.2601108784984,1101.2601108784984,0.0,0.0,True,1100.845778087927,1100.845778087927,0.0,0.0,True,84.82925663306277,84.82925663306277,0.0,0.0,True,2160.0,2160.0,0.0,0.0,True,1.0226588434039023,1.0226588434039023,0.0,0.0,True,7.175088646973623,7.175088646973623,0.0,0.0,True,14.073143414864806,14.073143414864806,0.0,0.0,True,True
Change Quantity -> Vendor creates invoice,True,3150.0,3150.0,0.0,0.0,True,0.0047739786337934,0.004773978633793403,3.469446951953614e-18,7.267411980846665e-16,True,310.7654285714285,310.7654285714285,0.0,0.0,True,1741.043174603174,1741.043174603174,0.0,0.0,True,1738.4380952380943,1738.4380952380945,2.2737367544323206e-13,1.3079193102478075e-16,True,138.83326819831157,138.83326819831157,0.0,0.0,True,2160.0,2160.0,0.0,0.0,True,1.4835875161216496,1.4835875161216496,0.0,0.0,True,8.31170291606739,8.31170291606739,0.0,0.0,True,10.311793848993752,10.311793848993752,0.0,0.0,True,True
Clear Invoice -> Clear Invoice,True,954.0,954.0,0.0,0.0,True,0.0014458335290917,0.0014458335290917165,1.6479873021779667e-17,1.1398181526563875e-14,True,480.1570580013977,480.1570580013977,0.0,0.0,True,1887.1808525506635,1887.1808525506633,2.2737367544323206e-13,1.2048324628554801e-16,True,1886.8427672955968,1886.8427672955972,4.547473508864641e-13,2.410096690453182e-16,True,243.63475542664423,243.63475542664423,0.0,0.0,True,2160.0,2160.0,0.0,0.0,True,0.6942271736884568,0.6942271736884568,0.0,0.0,True,2.72854935207764,2.7285493520776396,4.440892098500626e-16,1.6275652463896727e-16,True,3.123000422838108,3.123000422838108,0.0,0.0,True,True
Clear Invoice -> Record Invoice Receipt,True,1562.0,1562.0,0.0,0.0,True,0.0023672871828524,0.002367287182852475,7.502679033599691e-17,3.169315108004571e-14,True,699.7369078104994,699.7369078104994,0.0,0.0,True,2160.0,2160.0,0.0,0.0,True,2160.0,2160.0,0.0,0.0,True,618.3516813982625,618.3516813982625,0.0,0.0,True,2160.0,2160.0,0.0,0.0,True,1.656478213228619,1.656478213228619,0.0,0.0,True,5.113340314961346,5.113340314961346,0.0,0.0,True,5.113340314961346,5.113340314961346,0.0,0.0,True,True
Clear Invoice -> Vendor creates invoice,True,518.0,518.0,0.0,0.0,True,0.0007850542642238,0.0007850542642238042,4.119968255444917e-18,5.248004428736423e-15,True,287.4441763191763,287.4441763191763,0.0,0.0,True,1741.6014157014151,1741.6014157014151,0.0,0.0,True,1738.1930501930497,1738.1930501930497,0.0,0.0,True,103.75684975297878,103.75684975297878,0.0,0.0,True,2160.0,2160.0,0.0,0.0,True,0.2256592763456683,0.22565927634566837,8.326672684688674e-17,3.689931484107815e-16,True,1.36725161797461,1.3672516179746101,2.220446049250313e-16,1.624021518833227e-16,True,1.695717210723417,1.695717210723417,0.0,0.0,True,True
Create Purchase Order Item -> Cancel Goods Receipt,True,640.0,640.0,0.0,0.0,True,0.000969951214485,0.000969951214485009,8.998878031629687e-18,9.277660460900276e-15,True,150.59250000000003,150.59250000000003,0.0,0.0,True,1346.9958333333325,1346.9958333333323,2.2737367544323206e-13,1.6880057815811026e-16,True,1346.249999999999,1346.2499999999993,2.2737367544323206e-13,1.688940950367556e-16,True,320.9791467139503,320.9791467139503,0.0,0.0,True,2160.0,2160.0,0.0,0.0,True,0.1460673782673337,0.14606737826733374,2.7755575615628914e-17,1.9001898948874424e-16,True,1.3065202444479125,1.3065202444479125,0.0,0.0,True,2.09509462328762,2.0950946232876193,8.881784197001252e-16,4.239323655493882e-16,True,True
Create Purchase Order Item -> Change Approval for Purchase Order,True,1447.0,1447.0,0.0,0.0,True,0.0021929990739996,0.0021929990739996998,9.974659986866641e-17,4.548410487321738e-14,True,28.26740382400369,28.26740382400369,0.0,0.0,True,329.72113568302217,329.72113568302217,0.0,0.0,True,329.0836212854179,329.0836212854179,0.0,0.0,True,39.71076252252803,39.71076252252803,0.0,0.0,True,1123.298871735978,1123.298871735978,0.0,0.0,True,0.0619903904104156,0.061990390410415666,6.938893903907228e-17,1.1193499279432443e-15,True,0.723078145230997,0.723078145230997,0.0,0.0,True,2.4633933855419072,2.4633933855419072,0.0,0.0,True,True
Create Purchase Order Item -> Change Price,True,3326.0,3326.0,0.0,0.0,True,0.0050407152177767,0.005040715217776781,8.153200337090993e-17,1.6174689473306752e-14,True,181.09730406895167,181.09730406895167,0.0,0.0,True,1362.543104830627,1362.543104830627,0.0,0.0,True,1361.419122068551,1361.4191220685507,2.2737367544323206e-13,1.6701225343284344e-16,True,147.64950902032788,147.64950902032788,0.0,0.0,True,2160.0,2160.0,0.0,0.0,True,0.9128599365187136,0.9128599365187137,1.1102230246251565e-16,1.2162030342344825e-16,True,6.868191763396566,6.868191763396566,0.0,0.0,True,10.887944870397847,10.887944870397847,0.0,0.0,True,True
Create Purchase Order Item -> Change Quantity,True,6068.0,6068.0,0.0,0.0,True,0.0091963499523359,0.00919634995233599,9.020562075079397e-17,9.808850382850151e-15,True,313.8652521423863,313.8652521423863,0.0,0.0,True,1667.5072072072066,1667.5072072072066,0.0,0.0,True,1668.9413315754775,1668.9413315754775,0.0,0.0,True,86.35319524849585,86.35319524849585,0.0,0.0,True,2160.0,2160.0,0.0,0.0,True,2.886414696579558,2.886414696579558,0.0,0.0,True,15.334979825519916,15.334979825519916,0.0,0.0,True,19.86411589704574,19.86411589704574,0.0,0.0,True,True
Create Purchase Order Item -> Delete Purchase Order Item,True,3916.0,3916.0,0.0,0.0,True,0.0059348889936301,0.005934888993630149,4.85722573273506e-17,8.184189692424418e-15,True,175.90074055158323,175.90074055158325,2.842170943040401e-14,1.6157811127616763e-16,True,1624.1074055158315,1624.1074055158315,0.0,0.0,True,1623.7875383043915,1623.7875383043915,0.0,0.0,True,91.01370306195554,91.01370306195554,0.0,0.0,True,2160.0,2160.0,0.0,0.0,True,1.0439513690709838,1.0439513690709838,0.0,0.0,True,9.638897165469125,9.638897165469125,0.0,0.0,True,12.81936022624112,12.819360226241121,1.7763568394002505e-15,1.385682910886663e-16,True,True
Create Purchase Order Item -> Receive Order Confirmation,True,14575.0,14575.0,0.0,0.0,True,0.0220891233611234,0.022089123361123446,4.5102810375396984e-17,2.0418560591126675e-15,True,14.783906232132647,14.783906232132649,1.7763568394002505e-15,1.201547690785105e-16,True,216.71568896512284,216.71568896512284,0.0,0.0,True,216.9715265866208,216.9715265866208,0.0,0.0,True,11.139614503556183,11.139614503556183,0.0,0.0,True,439.7638166577439,439.76381665774386,5.684341886080802e-14,1.2925897199279514e-16,True,0.3265635285208598,0.3265635285208598,0.0,0.0,True,4.7870595878414575,4.7870595878414575,0.0,0.0,True,9.71399719591138,9.713997195911379,1.7763568394002505e-15,1.828656940675172e-16,True,True
Create Purchase Order Item -> Record Goods Receipt,True,40773.0,40773.0,0.0,0.0,True,0.0617934701065582,0.06179347010655824,3.469446951953614e-17,5.614585078279004e-16,True,363.9011110293577,363.90111102935765,5.684341886080802e-14,1.562056754924889e-16,True,1425.166770493545,1425.166770493545,0.0,0.0,True,1426.091972628945,1426.0919726289453,2.2737367544323206e-13,1.5943829697328533e-16,True,35.68772959829524,35.68772959829524,0.0,0.0,True,2139.846564594843,2139.846564594843,0.0,0.0,True,22.48671242613594,22.48671242613594,0.0,0.0,True,88.06600022935302,88.06600022935302,0.0,0.0,True,132.22854472191278,132.22854472191278,0.0,0.0,True,True
Create Purchase Order Item -> Record Invoice Receipt,True,532.0,532.0,0.0,0.0,True,0.0008062719470406,0.0008062719470406637,6.364266752489911e-17,7.893449320480248e-14,True,212.08806390977443,212.08806390977443,0.0,0.0,True,1163.7715538847112,1163.7715538847112,0.0,0.0,True,1164.992481203007,1164.992481203007,0.0,0.0,True,188.8969730639366,188.8969730639366,0.0,0.0,True,2160.0,2160.0,0.0,0.0,True,0.1710006562326185,0.17100065623261854,2.7755575615628914e-17,1.62312684799712e-16,True,0.9383163566611648,0.9383163566611648,0.0,0.0,True,1.7415474056078335,1.7415474056078335,0.0,0.0,True,True
Create Purchase Order Item -> Record Service Entry Sheet,True,1055.0,1055.0,0.0,0.0,True,0.0015989039551276,0.001598903955127632,3.187554387107383e-17,1.9935871550539765e-14,True,12.1852448657188,12.185244865718799,1.7763568394002505e-15,1.4577933057363014e-16,True,243.7026066350709,243.7026066350709,0.0,0.0,True,242.50236966824625,242.50236966824622,2.842170943040401e-14,1.1720178021058574e-16,True,15.31041294218804,15.31041294218804,0.0,0.0,True,548.7106285120019,548.7106285120019,0.0,0.0,True,0.0194830362099964,0.01948303620999646,5.898059818321144e-17,3.0272796060887853e-15,True,0.3896570616237284,0.3896570616237284,0.0,0.0,True,0.8773355941484087,0.8773355941484087,0.0,0.0,True,True
Create Purchase Order Item -> Vendor creates debit memo,True,780.0,780.0,0.0,0.0,True,0.0011821280426536,0.0011821280426536046,4.553649124439119e-18,3.852077744655515e-15,True,278.131047008547,278.131047008547,0.0,0.0,True,1292.8521367521355,1292.8521367521355,0.0,0.0,True,1292.307692307692,1292.307692307692,0.0,0.0,True,128.8322012820513,128.8322012820513,0.0,0.0,True,2160.0,2160.0,0.0,0.0,True,0.3287865102014113,0.32878651020141136,5.551115123125783e-17,1.6883646229053696e-16,True,1.5283167658593322,1.5283167658593322,0.0,0.0,True,2.5533965721317857,2.5533965721317857,0.0,0.0,True,True
Create Purchase Order Item -> Vendor creates invoice,True,59977.0,59977.0,0.0,0.0,True,0.090898068736199,0.09089806873619903,2.7755575615628914e-17,3.0534835339769553e-16,True,304.07566456030366,304.07566456030366,0.0,0.0,True,1608.045763098076,1608.045763098076,0.0,0.0,True,1605.9284058889236,1605.9284058889236,0.0,0.0,True,56.64266633175524,56.64266633175524,0.0,0.0,True,2160.0,2160.0,0.0,0.0,True,27.63989065820788,27.639890658207882,3.552713678800501e-15,1.2853573564139607e-16,True,146.16825430504252,146.16825430504252,0.0,0.0,True,196.3398284701899,196.3398284701899,0.0,0.0,True,True
Create Purchase Requisition Item -> Create Purchase Order Item,True,1095.0,1095.0,0.0,0.0,True,0.0016595259060329,0.001659525906032945,4.5102810375396984e-17,2.7178129736591666e-14,True,41.64765601217656,41.64765601217656,0.0,0.0,True,512.5359208523588,512.5359208523588,0.0,0.0,True,509.9178082191776,509.91780821917763,5.684341886080802e-14,1.1147564949599692e-16,True,52.01022786656521,52.01022786656521,0.0,0.0,True,1550.1223655504396,1550.1223655504396,0.0,0.0,True,0.0691153640777557,0.06911536407775574,4.163336342344337e-17,6.023749419391799e-16,True,0.8505666384269406,0.8505666384269406,0.0,0.0,True,2.572468223152025,2.5724682231520255,4.440892098500626e-16,1.726315628909591e-16,True,True
Receive Order Confirmation -> Delete Purchase Order Item,True,580.0,580.0,0.0,0.0,True,0.000879018288127,0.0008790182881270393,3.935653886122381e-17,4.4773287874458425e-14,True,243.8308908045977,243.83089080459774,5.684341886080802e-14,2.331264044241279e-16,True,1405.3706896551712,1405.3706896551712,0.0,0.0,True,1403.5862068965512,1403.5862068965512,0.0,0.0,True,187.09166037219487,187.09166037219487,0.0,0.0,True,2160.0,2160.0,0.0,0.0,True,0.2143318122275485,0.21433181222754857,8.326672684688674e-17,3.884944842368309e-16,True,1.2353465378046051,1.2353465378046053,2.220446049250313e-16,1.7974276701308254e-16,True,1.898679502354405,1.898679502354405,0.0,0.0,True,True
Receive Order Confirmation -> Record Goods Receipt,True,9488.0,9488.0,0.0,0.0,True,0.0143795267547402,0.014379526754740258,5.898059818321144e-17,4.10170648792517e-15,True,159.51164629005058,159.51164629005058,0.0,0.0,True,821.797730466554,821.797730466554,0.0,0.0,True,821.7875210792577,821.7875210792577,0.0,0.0,True,39.559648078649,39.559648078649,0.0,0.0,True,1612.980482652237,1612.980482652237,0.0,0.0,True,2.293701985520447,2.293701985520447,0.0,0.0,True,11.817062452228637,11.817062452228637,0.0,0.0,True,23.1938960051717,23.1938960051717,0.0,0.0,True,True
Receive Order Confirmation -> Vendor creates invoice,True,4539.0,4539.0,0.0,0.0,True,0.0068790758789803,0.006879075878980399,9.8879238130678e-17,1.4373912989216087e-14,True,170.52886832635676,170.52886832635676,0.0,0.0,True,713.0004553132112,713.0004553132112,0.0,0.0,True,713.3906146728352,713.3906146728352,0.0,0.0,True,52.21935034703996,52.21935034703996,0.0,0.0,True,1757.7776216136317,1757.7776216136315,2.2737367544323206e-13,1.2935292419669336e-16,True,1.1730810247736654,1.1730810247736654,0.0,0.0,True,4.9047842338471535,4.9047842338471535,0.0,0.0,True,12.091885637453869,12.091885637453867,1.7763568394002505e-15,1.469048660118067e-16,True,True
Record Goods Receipt -> Cancel Goods Receipt,True,532.0,532.0,0.0,0.0,True,0.0008062719470406,0.0008062719470406637,6.364266752489911e-17,7.893449320480248e-14,True,77.0059523809524,77.0059523809524,0.0,0.0,True,1093.9629072681698,1093.9629072681698,0.0,0.0,True,1093.353383458646,1093.353383458646,0.0,0.0,True,61.9206287450653,61.9206287450653,0.0,0.0,True,2160.0,2160.0,0.0,0.0,True,0.0620877391599111,0.062087739159911115,1.3877787807814457e-17,2.2351897485059474e-16,True,0.8820316032333723,0.8820316032333723,0.0,0.0,True,1.7415474056078335,1.7415474056078335,0.0,0.0,True,True
Record Goods Receipt -> Change Quantity,True,715.0,715.0,0.0,0.0,True,0.0010836173724324,0.001083617372432471,7.090682208055199e-17,6.543529467545097e-14,True,116.02962703962704,116.02962703962704,0.0,0.0,True,1023.2337995337992,1023.2337995337992,0.0,0.0,True,1024.2797202797196,1024.2797202797196,0.0,0.0,True,50.423635780885775,50.423635780885775,0.0,0.0,True,2032.75243589744,2032.75243589744,0.0,0.0,True,0.1257317195770002,0.12573171957700024,5.551115123125783e-17,4.415047485074908e-16,True,1.1087939212349094,1.1087939212349094,0.0,0.0,True,2.202725853392889,2.202725853392889,0.0,0.0,True,True
Record Goods Receipt -> Record Goods Receipt,True,25791.0,25791.0,0.0,0.0,True,0.0390875183949732,0.03908751839497323,2.7755575615628914e-17,7.100879450867974e-16,True,6.22891577165161,6.22891577165161,0.0,0.0,True,123.46643596603457,123.46643596603457,0.0,0.0,True,123.9316040479236,123.9316040479236,0.0,0.0,True,3.924989643957855,3.924989643957855,0.0,0.0,True,202.4313969270723,202.4313969270723,0.0,0.0,True,0.2434728598051711,0.24347285980517117,5.551115123125783e-17,2.27997285922046e-16,True,4.825996586984161,4.825996586984161,0.0,0.0,True,7.912540951107066,7.912540951107066,0.0,0.0,True,True
Record Goods Receipt -> Record Invoice Receipt,True,57690.0,57690.0,0.0,0.0,True,0.0874320086931877,0.08743200869318776,6.938893903907228e-17,7.936331336338011e-16,True,476.8193057722309,476.8193057722309,0.0,0.0,True,2160.0,2160.0,0.0,0.0,True,2160.0,2160.0,0.0,0.0,True,153.99422161399926,153.99422161399926,0.0,0.0,True,2160.0,2160.0,0.0,0.0,True,41.689269687357445,41.689269687357445,0.0,0.0,True,188.8531387772856,188.85313877728558,2.842170943040401e-14,1.504963571927799e-16,True,188.8531387772856,188.85313877728558,2.842170943040401e-14,1.504963571927799e-16,True,True
Record Goods Receipt -> Record Service Entry Sheet,True,10439.0,10439.0,0.0,0.0,True,0.015820813637514,0.015820813637514076,7.632783294297951e-17,4.8245200715842115e-15,True,0.9206948302838716,0.9206948302838716,0.0,0.0,True,18.234814956732748,18.234814956732748,0.0,0.0,True,18.16265925854965,18.162659258549652,3.552713678800501e-15,1.956053696888105e-16,True,0.6219860478563194,0.6219860478563194,0.0,0.0,True,30.60238021567697,30.602380215676966,3.552713678800501e-15,1.1609272395682866e-16,True,0.0145661413269437,0.014566141326943782,8.153200337090993e-17,5.597364569029426e-15,True,0.2884896091450231,0.2884896091450231,0.0,0.0,True,0.4841545542565731,0.4841545542565731,0.0,0.0,True,True
Record Goods Receipt -> Remove Payment Block,True,9585.0,9585.0,0.0,0.0,True,0.0145265349856856,0.014526534985685641,4.163336342344337e-17,2.866021626249395e-15,True,62.88535037384802,62.88535037384802,0.0,0.0,True,910.9240653799334,910.9240653799334,0.0,0.0,True,912.2879499217522,912.2879499217522,0.0,0.0,True,37.51854220587054,37.51854220587054,0.0,0.0,True,1662.6587940391505,1662.6587940391505,0.0,0.0,True,0.9135062422928028,0.9135062422928029,1.1102230246251565e-16,1.2153425704444185e-16,True,13.232570305044597,13.232570305044597,0.0,0.0,True,24.15267114086761,24.152671140867618,7.105427357601002e-15,2.9418805548087966e-16,True,True
Record Goods Receipt -> Vendor creates invoice,True,39606.0,39606.0,0.0,0.0,True,0.0600248246888957,0.06002482468889572,2.0816681711721685e-17,3.468012079937431e-16,True,78.41596138632192,78.41596138632192,0.0,0.0,True,579.553551650423,579.553551650423,0.0,0.0,True,578.133010149977,578.133010149977,0.0,0.0,True,33.152149910746864,33.152149910746864,0.0,0.0,True,1241.1760083649183,1241.1760083649183,0.0,0.0,True,4.70690433502519,4.70690433502519,0.0,0.0,True,34.78760033564351,34.78760033564351,0.0,0.0,True,74.5013723101676,74.5013723101676,0.0,0.0,True,True
Record Invoice Receipt -> Cancel Invoice Receipt,True,1231.0,1231.0,0.0,0.0,True,0.001865640539111,0.0018656405391110093,9.324138683375338e-18,4.9978216531564014e-15,True,936.7593826157596,936.7593826157596,0.0,0.0,True,2160.0,2160.0,0.0,0.0,True,2160.0,2160.0,0.0,0.0,True,537.7453796416395,537.7453796416395,0.0,0.0,True,2160.0,2160.0,0.0,0.0,True,1.747656279600562,1.747656279600562,0.0,0.0,True,4.02978356447978,4.02978356447978,0.0,0.0,True,4.02978356447978,4.02978356447978,0.0,0.0,True,True
Record Invoice Receipt -> Change Price,True,1163.0,1163.0,0.0,0.0,True,0.0017625832225719,0.0017625832225719772,7.719519468096792e-17,4.3796624007533315e-14,True,351.08178561192324,351.08178561192324,0.0,0.0,True,2067.338506735454,2067.338506735454,0.0,0.0,True,2067.6113499570074,2067.6113499570074,0.0,0.0,True,219.475689852838,219.475689852838,0.0,0.0,True,2160.0,2160.0,0.0,0.0,True,0.6188108650701877,0.6188108650701877,0.0,0.0,True,3.643856167348916,3.6438561673489156,4.440892098500626e-16,1.2187341910730776e-16,True,3.807179760755471,3.8071797607554707,4.440892098500626e-16,1.16645190864836e-16,True,True
Record Invoice Receipt -> Clear Invoice,True,66874.0,66874.0,0.0,0.0,True,0.1013508086210476,0.10135080862104764,4.163336342344337e-17,4.1078471883841817e-16,True,1156.6791406226637,1156.6791406226635,2.2737367544323206e-13,1.9657454470980798e-16,True,2160.0,2160.0,0.0,0.0,True,2160.0,2160.0,0.0,0.0,True,154.38632903592372,154.38632903592372,0.0,0.0,True,2160.0,2160.0,0.0,0.0,True,117.2303662172054,117.23036621720541,1.4210854715202004e-14,1.212216183720864e-16,True,218.91774662146287,218.91774662146292,5.684341886080802e-14,2.5965651363613587e-16,True,218.91774662146287,218.91774662146292,5.684341886080802e-14,2.5965651363613587e-16,True,True
Record Invoice Receipt -> Record Goods Receipt,True,10037.0,10037.0,0.0,0.0,True,0.0152115630309156,0.015211563030915679,7.806255641895632e-17,5.131790616145358e-15,True,62.64952841154396,62.649528411543955,7.105427357601002e-15,1.134154962975226e-16,True,410.6389243133736,410.6389243133736,0.0,0.0,True,411.1730596791869,411.17305967918685,5.684341886080802e-14,1.3824694376902864e-16,True,22.738039683082924,22.738039683082924,0.0,0.0,True,865.9338533408426,865.9338533408426,0.0,0.0,True,0.9529972502893436,0.9529972502893435,1.1102230246251565e-16,1.164980302186682e-16,True,6.246459880140296,6.2464598801402955,8.881784197001252e-16,1.4218908577704282e-16,True,13.17220739069792,13.17220739069792,0.0,0.0,True,True
Record Invoice Receipt -> Record Invoice Receipt,True,2196.0,2196.0,0.0,0.0,True,0.0033281451047016,0.003328145104701687,8.673617379884035e-17,2.6061415914922098e-14,True,101.4146630236794,101.41466302367941,1.4210854715202004e-14,1.4012623314523954e-16,True,1157.9023679417116,1157.9023679417116,0.0,0.0,True,1158.338797814207,1158.338797814207,0.0,0.0,True,65.08857712380374,65.08857712380374,0.0,0.0,True,2160.0,2160.0,0.0,0.0,True,0.3375227142872298,0.3375227142872298,0.0,0.0,True,3.853667097587699,3.853667097587699,0.0,0.0,True,7.188793426155644,7.188793426155644,0.0,0.0,True,True
Record Invoice Receipt -> Remove Payment Block,True,13764.0,13764.0,0.0,0.0,True,0.0208600133065182,0.020860013306518224,2.42861286636753e-17,1.164243200942088e-15,True,411.5866656979561,411.58666569795605,5.684341886080802e-14,1.381080185491789e-16,True,2145.654320449482,2145.654320449482,0.0,0.0,True,2145.353095030514,2145.353095030514,0.0,0.0,True,504.7194124151218,504.7194124151218,0.0,0.0,True,2160.0,2160.0,0.0,0.0,True,8.58570332324483,8.58570332324483,0.0,0.0,True,44.758377675764514,44.758377675764514,0.0,0.0,True,45.057628742079366,45.057628742079366,0.0,0.0,True,True
Record Invoice Receipt -> Vendor creates invoice,True,1756.0,1756.0,0.0,0.0,True,0.0026613036447432,0.0026613036447432434,4.336808689942018e-17,1.6295805623339512e-14,True,108.74293849658316,108.74293849658315,1.4210854715202004e-14,1.306830118044725e-16,True,927.6471146545174,927.6471146545174,0.0,0.0,True,924.4100227790428,924.4100227790428,0.0,0.0,True,84.08055326374463,84.08055326374463,0.0,0.0,True,2160.0,2160.0,0.0,0.0,True,0.2893979785610471,0.2893979785610471,0.0,0.0,True,2.4687506472656207,2.4687506472656207,0.0,0.0,True,5.748415872645406,5.748415872645406,0.0,0.0,True,True
Record Service Entry Sheet -> Record Goods Receipt,True,8961.0,8961.0,0.0,0.0,True,0.0135808325515627,0.013580832551562758,5.898059818321144e-17,4.342929489725926e-15,True,2.7274318342446904,2.7274318342446904,0.0,0.0,True,54.35767771454073,54.35767771454073,0.0,0.0,True,53.61901573485097,53.61901573485097,0.0,0.0,True,3.2958454841271414,3.2958454841271414,0.0,0.0,True,119.53592541738529,119.53592541738527,1.4210854715202004e-14,1.188835462274773e-16,True,0.0370407950366788,0.037040795036678814,1.3877787807814457e-17,3.746622553342145e-16,True,0.7382225189329923,0.7382225189329923,0.0,0.0,True,1.623397386989604,1.623397386989604,0.0,0.0,True,True
Record Service Entry Sheet -> Record Invoice Receipt,True,715.0,715.0,0.0,0.0,True,0.0010836173724324,0.001083617372432471,7.090682208055199e-17,6.543529467545097e-14,True,269.3044289044289,269.3044289044289,0.0,0.0,True,2160.0,2160.0,0.0,0.0,True,2160.0,2160.0,0.0,0.0,True,135.57973474001142,135.57973474001142,0.0,0.0,True,2160.0,2160.0,0.0,0.0,True,0.2918229576338444,0.2918229576338444,0.0,0.0,True,2.3406135244541373,2.3406135244541373,0.0,0.0,True,2.3406135244541373,2.3406135244541373,0.0,0.0,True,True
Record Service Entry Sheet -> Record Service Entry Sheet,True,75913.0,75913.0,0.0,0.0,True,0.1150498539768757,0.11504985397687575,5.551115123125783e-17,4.824964944537455e-16,True,0.0469379421179508,0.04693794211795081,1.3877787807814457e-17,2.956624679654858e-16,True,0.9387588423590154,0.9387588423590154,0.0,0.0,True,0.9294850684336008,0.9294850684336009,1.1102230246251565e-16,1.1944495531231518e-16,True,0.0572968008202939,0.0572968008202939,0.0,0.0,True,2.075421084836352,2.0754210848363477,4.440892098500626e-15,2.1397547374588767e-15,True,0.0054002033866452,0.005400203386645287,8.673617379884035e-17,1.6061649458118645e-14,True,0.1080040677329056,0.10800406773290565,4.163336342344337e-17,3.8547958699484176e-16,True,0.2387768927509513,0.23877689275095088,4.163336342344337e-16,1.7436093980361717e-15,True,True
Record Service Entry Sheet -> Vendor creates invoice,True,1515.0,1515.0,0.0,0.0,True,0.0022960563905387,0.0022960563905387323,3.209238430557093e-17,1.3977176012668148e-14,True,244.098393839384,244.09839383938393,5.684341886080802e-14,2.3287092539498976e-16,True,980.3015401540152,980.3015401540151,1.1368683772161603e-13,1.1597129359171943e-16,True,978.5346534653464,978.5346534653463,1.1368683772161603e-13,1.1618069663553525e-16,True,186.8638376057611,186.8638376057611,0.0,0.0,True,2160.0,2160.0,0.0,0.0,True,0.5604636770951578,0.5604636770951578,0.0,0.0,True,2.250827615925588,2.250827615925588,0.0,0.0,True,4.959481803563662,4.959481803563662,0.0,0.0,True,True
Release Purchase Order -> Change Approval for Purchase Order,True,858.0,858.0,0.0,0.0,True,0.0013003408469189,0.0013003408469189652,6.526897078362737e-17,5.0193740309149945e-14,True,66.08418803418803,66.08418803418803,0.0,0.0,True,433.4318181818181,433.4318181818181,0.0,0.0,True,431.5524475524475,431.5524475524475,0.0,0.0,True,72.7471794871795,72.7471794871795,0.0,0.0,True,1886.4960372959747,1886.4960372959747,0.0,0.0,True,0.0859319690363282,0.08593196903632822,1.3877787807814457e-17,1.6149737942054542e-16,True,0.5636090975361723,0.5636090975361723,0.0,0.0,True,2.45308785484672,2.4530878548467197,4.440892098500626e-16,1.8103273756488078e-16,True,True
Remove Payment Block -> Clear Invoice,True,22126.0,22126.0,0.0,0.0,True,0.0335330321432739,0.03353303214327392,2.0816681711721685e-17,6.207813723131245e-16,True,1099.2185468076775,1099.2185468076775,0.0,0.0,True,2160.0,2160.0,0.0,0.0,True,2160.0,2160.0,0.0,0.0,True,228.2619917382968,228.2619917382968,0.0,0.0,True,2160.0,2160.0,0.0,0.0,True,36.8601308625847,36.8601308625847,0.0,0.0,True,72.43134942947167,72.43134942947167,0.0,0.0,True,72.43134942947167,72.43134942947167,0.0,0.0,True,True
SRM: Awaiting Approval -> SRM: Document Completed,True,861.0,861.0,0.0,0.0,True,0.0013048874932368,0.0013048874932368637,6.375108774214766e-17,4.885562017612093e-14,True,0.0,0.0,0.0,0.0,True,0.0,0.0,0.0,0.0,True,0.0,0.0,0.0,0.0,True,0.0,0.0,0.0,0.0,True,0.0,0.0,0.0,0.0,True,0.0,0.0,0.0,0.0,True,0.0,0.0,0.0,0.0,True,0.0,0.0,0.0,0.0,True,True
SRM: Complete -> SRM: Awaiting Approval,True,861.0,861.0,0.0,0.0,True,0.0013048874932368,0.0013048874932368637,6.375108774214766e-17,4.885562017612093e-14,True,0.0,0.0,0.0,0.0,True,0.0,0.0,0.0,0.0,True,0.0,0.0,0.0,0.0,True,0.0,0.0,0.0,0.0,True,0.0,0.0,0.0,0.0,True,0.0,0.0,0.0,0.0,True,0.0,0.0,0.0,0.0,True,0.0,0.0,0.0,0.0,True,True
SRM: Created -> SRM: Complete,True,847.0,847.0,0.0,0.0,True,0.00128366981042,0.001283669810420004,3.903127820947816e-18,3.0406010870277953e-15,True,1.4815820543093268,1.4815820543093268,0.0,0.0,True,2.021782762691853,2.021782762691853,0.0,0.0,True,0.0,0.0,0.0,0.0,True,0.5246905372119781,0.5246905372119781,0.0,0.0,True,10.49381074424992,10.49381074424992,0.0,0.0,True,0.0019018621547769,0.0019018621547769335,3.3393426912553537e-17,1.755827930466958e-14,True,0.002595301495695,0.002595301495695083,8.283304597789254e-17,3.1916540762332715e-14,True,0.0134705880486546,0.013470588048654695,9.540979117872439e-17,7.082823024066394e-15,True,True
SRM: Document Completed -> SRM: In Transfer to Execution Syst.,True,564.0,564.0,0.0,0.0,True,0.0008547695077649,0.0008547695077649141,1.4094628242311558e-17,1.6489390548297627e-14,True,0.1585992907801418,0.15859929078014182,2.7755575615628914e-17,1.7500441193085202e-16,True,3.159692671394796,3.159692671394796,0.0,0.0,True,1.7021276595744663,1.7021276595744665,2.220446049250313e-16,1.3045120539345602e-16,True,0.5605501059224455,0.5605501059224455,0.0,0.0,True,12.913129778023336,12.913129778023336,0.0,0.0,True,0.000135565837712,0.0001355658377120063,6.288372600415926e-18,4.638611545908141e-14,True,0.0027008089494165,0.002700808949416536,3.599551212651875e-17,1.3327678040423942e-14,True,0.0110377495840654,0.011037749584065462,6.245004513516506e-17,5.657860296569945e-15,True,True
SRM: In Transfer to Execution Syst. -> SRM: Ordered,True,562.0,562.0,0.0,0.0,True,0.0008517384102196,0.0008517384102196485,4.846383711010205e-17,5.689990791610165e-14,True,2.9655990510083035e-05,2.9655990510083035e-05,0.0,0.0,True,0.0005931198102016,0.0005931198102016601,6.01732205729455e-17,1.0145204988599651e-13,True,0.0,0.0,0.0,0.0,True,2.9655990510083866e-05,2.9655990510083866e-05,0.0,0.0,True,0.0011625148226812,0.0011625148226812587,5.876375774871434e-17,5.0548824498583884e-14,True,2.5259146210547107e-08,2.5259146210547107e-08,0.0,0.0,True,5.051829242109416e-07,5.051829242109416e-07,0.0,0.0,True,9.90158526927312e-07,9.90158526927312e-07,0.0,0.0,True,True
Vendor creates debit memo -> Record Goods Receipt,True,761.0,761.0,0.0,0.0,True,0.0011533326159735,0.001153332615973581,8.088148206741863e-17,7.012849627871534e-14,True,89.3790626368813,89.3790626368813,0.0,0.0,True,535.3250985545333,535.3250985545333,0.0,0.0,True,534.5597897503283,534.5597897503283,0.0,0.0,True,45.24399081937967,45.24399081937967,0.0,0.0,True,1439.4396061379216,1439.4396061379216,0.0,0.0,True,0.1030837881242608,0.10308378812426086,5.551115123125783e-17,5.385051543152716e-16,True,0.6174078963122149,0.6174078963122149,0.0,0.0,True,1.66015264648303,1.66015264648303,0.0,0.0,True,True
Vendor creates debit memo -> Record Invoice Receipt,True,738.0,738.0,0.0,0.0,True,0.001118474994203,0.0011184749942030258,2.5804011705155006e-17,2.3070709527612067e-14,True,426.0603206865402,426.0603206865402,0.0,0.0,True,1904.2733062330624,1904.2733062330622,2.2737367544323206e-13,1.1940180787022174e-16,True,1907.772357723577,1907.772357723577,0.0,0.0,True,218.92541708377763,218.92541708377763,0.0,0.0,True,2160.0,2160.0,0.0,0.0,True,0.4765378147100174,0.4765378147100174,0.0,0.0,True,2.129882075150001,2.129882075150001,0.0,0.0,True,2.415905987478536,2.415905987478536,0.0,0.0,True,True
Vendor creates debit memo -> Vendor creates invoice,True,1244.0,1244.0,0.0,0.0,True,0.0018853426731552,0.0018853426731552361,3.621235256101585e-17,1.9207305428679953e-14,True,10.105305466237942,10.105305466237942,0.0,0.0,True,193.3086816720256,193.30868167202559,2.842170943040401e-14,1.4702758916242206e-16,True,193.3890675241156,193.3890675241156,0.0,0.0,True,15.46607717041803,15.46607717041803,0.0,0.0,True,502.71061093246817,502.71061093246817,0.0,0.0,True,0.0190519636207672,0.019051963620767262,6.245004513516506e-17,3.277879717715431e-15,True,0.3644531066476513,0.3644531066476513,0.0,0.0,True,0.9477817670389214,0.9477817670389214,0.0,0.0,True,True
Vendor creates invoice -> Change Quantity,True,1401.0,1401.0,0.0,0.0,True,0.0021232838304585,0.00212328383045859,9.020562075079397e-17,4.2484014363409465e-14,True,107.6323459433738,107.63234594337379,1.4210854715202004e-14,1.3203145012446762e-16,True,906.119545562693,906.119545562693,0.0,0.0,True,909.9100642398282,909.9100642398282,0.0,0.0,True,53.8888128160125,53.8888128160125,0.0,0.0,True,1987.6863205600864,1987.6863205600866,2.2737367544323206e-13,1.1439112554699432e-16,True,0.2285340197758908,0.2285340197758908,0.0,0.0,True,1.923948979555752,1.9239489795557518,2.220446049250313e-16,1.1541085927148772e-16,True,4.220422224468962,4.220422224468962,0.0,0.0,True,True
Vendor creates invoice -> Clear Invoice,True,800.0,800.0,0.0,0.0,True,0.0012124390181062,0.0012124390181062611,6.114900252818245e-17,5.043470361395635e-14,True,912.2757083333336,912.2757083333335,1.1368683772161603e-13,1.2461894653461094e-16,True,2159.999999999998,2159.999999999998,0.0,0.0,True,2160.0,2160.0,0.0,0.0,True,740.3163628640776,740.3163628640776,0.0,0.0,True,2160.0,2160.0,0.0,0.0,True,1.106078664053861,1.1060786640538607,2.220446049250313e-16,2.0074937899192562e-16,True,2.6188682791095217,2.6188682791095217,0.0,0.0,True,2.618868279109524,2.618868279109524,0.0,0.0,True,True
Vendor creates invoice -> Create Purchase Order Item,True,1956.0,1956.0,0.0,0.0,True,0.0029644133992698,0.0029644133992698086,8.673617379884035e-18,2.9259135659083643e-15,True,550.9484747784595,550.9484747784595,0.0,0.0,True,2160.0,2160.0,0.0,0.0,True,2160.0,2160.0,0.0,0.0,True,445.86538180835663,445.86538180835663,0.0,0.0,True,2160.0,2160.0,0.0,0.0,True,1.6332390409405295,1.6332390409405295,0.0,0.0,True,6.403132942422786,6.403132942422786,0.0,0.0,True,6.403132942422786,6.403132942422786,0.0,0.0,True,True
Vendor creates invoice -> Record Goods Receipt,True,56714.0,56714.0,0.0,0.0,True,0.0859528330910981,0.08595283309109812,2.7755575615628914e-17,3.2291635560414685e-16,True,58.72470289522869,58.72470289522869,0.0,0.0,True,306.31162558333614,306.31162558333614,0.0,0.0,True,307.3941531191592,307.39415311915917,5.684341886080802e-14,1.8492029950476338e-16,True,10.121951103156832,10.121951103156832,0.0,0.0,True,509.8331751823232,509.8331751823232,0.0,0.0,True,5.047554586277918,5.047554586277918,0.0,0.0,True,26.32835202762743,26.32835202762743,0.0,0.0,True,43.82160581075082,43.82160581075082,0.0,0.0,True,True
Vendor creates invoice -> Record Invoice Receipt,True,49229.0,49229.0,0.0,0.0,True,0.0746089505279414,0.07460895052794142,1.3877787807814457e-17,1.860070100117165e-16,True,283.08027517655586,283.08027517655586,0.0,0.0,True,1827.8212127675413,1827.8212127675417,4.547473508864641e-13,2.487920304841642e-16,True,1827.5242641532425,1827.5242641532425,0.0,0.0,True,131.40332856009834,131.40332856009834,0.0,0.0,True,2160.0,2160.0,0.0,0.0,True,21.1203222460837,21.1203222460837,0.0,0.0,True,136.3718224372954,136.3718224372954,0.0,0.0,True,161.15533314035346,161.15533314035346,0.0,0.0,True,True
Vendor creates invoice -> Vendor creates debit memo,True,1700.0,1700.0,0.0,0.0,True,0.0025764329134758,0.002576432913475805,5.204170427930421e-18,2.0199130358529724e-15,True,9.230588235294118,9.230588235294118,0.0,0.0,True,184.6117647058822,184.6117647058822,0.0,0.0,True,184.6588235294116,184.65882352941162,2.842170943040401e-14,1.539147108552716e-16,True,14.19302062643234,14.19302062643234,0.0,0.0,True,468.51923605805854,468.51923605805086,7.673861546209082e-12,1.6378967939019996e-14,True,0.0237819913401543,0.023781991340154313,1.3877787807814457e-17,5.835418745772875e-16,True,0.4756398268030858,0.47563982680308586,5.551115123125783e-17,1.1670837491545753e-16,True,1.207108380376522,1.2071083803765024,1.9539925233402755e-14,1.6187382633618907e-14,True,True
Vendor creates invoice -> Vendor creates invoice,True,839.0,839.0,0.0,0.0,True,0.0012715454202389,0.0012715454202389413,4.141652298894627e-17,3.257179989776918e-14,True,203.1156138259833,203.1156138259833,0.0,0.0,True,1014.9654350417162,1014.9654350417162,0.0,0.0,True,1015.1799761620975,1015.1799761620975,0.0,0.0,True,68.23408453286882,68.23408453286882,0.0,0.0,True,2160.0,2160.0,0.0,0.0,True,0.2582707285394504,0.25827072853945043,5.551115123125783e-17,2.149339630750242e-16,True,1.2905746506281188,1.2905746506281188,0.0,0.0,True,2.746538107716113,2.746538107716113,0.0,0.0,True,True
